"RelativePath","Hash"
".gitignore","E1467D7957BC8F13AA0D6E52AAFCF3ABC657DFFBED40598AB1B1DA92E6384EE1"
"file_state.csv","C06BFE2CC63D6B2EF10188E76890899574451E19FBB5B53743A6E31FCF65F3D9"
"对比.ps1","A8FD7B8B4676425E55AF53E4CF2265859BF2B85EE242848D7C8AC497E0A09F08"
".github\workflows\fork syn.yml","CE0C5DCBFC38A1E24CB39F0DDB6C472FE6C50B665592D7F1FA7F85497184FBAE"
"config\web.config","756C0AAE86B19AC9486709B74BB3B3F3BB6C8BFAB815A71C996AFECF083C41B1"
"css\font-awesome.min.css","820E169CE24824066D9973FD4B6561AAE9DCD6DBEF6435DA905D5A1D6482997C"
"css\style.css","15C4EC5F5C9D36929AFBB62D9CEB2A7918CA73AF720E4CAABEE367FFB99DDA70"
"docs\CONTRIBUTING.md","63EE0D05FAB0CEB82A06B915F978F0CEDB8EB3567AEE90C0A94BF03F862E116D"
"docs\后续整理指南.md","EC406F7708BAE92CBFDA524B3B44712793712950BD6B8EC4C3D3539A5C039481"
"ErrorFiles\400.html","F3D18FECE3B52DF47609F74988EDFBE8DD1F0EE33B1E361EFEC1714080633FD9"
"ErrorFiles\401.html","B646DB2F96BBBE5DA1E26B95369B57D3E5BCBC5BE543B7124502EC0954C0E462"
"ErrorFiles\403.html","91404E7BFB9F0372FB48505CE0963137C64F55B76E08F46CC4FB81DA0A9F624F"
"ErrorFiles\404.html","BDE1674DF1BD19155DAB80522839E0F984D1C66AE1C0C4DFAAAF00B637F94761"
"ErrorFiles\429.html","1D2BED82C9CFC29AEC7ABD7B383027255051C40C701CA7CED50ED348D0AF3435"
"ErrorFiles\500.html","4A7F307F505BD1AE13B7872E1E2FC42D8950754E2D5808C02F7CF4AC59A063D5"
"ErrorFiles\502.html","A2B180A35D1EF051D6291D2746B634AD37751B9C33BCD39ADDD97620F9411F04"
"ErrorFiles\503.html","BF6AC94B68426C394D93321BAB1588C033E8FE57976BA09136D97DAFF6A1BB2C"
"ErrorFiles\504.html","B9F263D8919DECE16863B14DF3793BFA47A9DEBEA659BE199EB0B2C4EADD4672"
"ErrorFiles\510.html","A8D58C88D0EF482C0F7899C7C257D25EA58E159314BD64B0C108C08A6409BCA6"
"fonts\fontawesome-webfont.woff2","2ADEFCBC041E7D18FCF2D417879DC5A09997AA64D675B7A3C4B6CE33DA13F3FE"
"img\bg-01.jpg","9121FB11888D90E0E2AB1E3318EC3F5E08A5BC834C9362C91A5D95CFA3E78A39"
"img\bg-0111.jpg","8906C43FCFCEDF46368910B7228AFF0A2852F2735DA130887186BA021FEAE904"
"img\bg-02.jpg","E91BFD4074902787727962CB14C91CD5B98CAA11D7E2DD5A9F8B53BE28088075"
"img\bg-021.jpg","0C4B80A004554581C0B97D00AD386ACDB147D5484E22052B4E537AEF42EB483A"
"img\bg-03.jpg","E4C7682427A2D1B5BAF369979D5D042F879F171B433B6E659345DB0641E5087A"
"img\bg-031.jpg","FF3F126BA5464E23B3A7EEC5B01A75F08186E70B72681BB54D93D5738CD45AF1"
"img\bg-04.jpg","537B88717C2287D4B839E044041A9BF72B7598B914C6082681DB030D49FF1079"
"img\bg-041.jpg","60C597A77AE5FF855E98D7F426B486BDF9E042EB785C5E534A59A1FD72A82AE7"
"img\bg-05.png","6E09AE9A5822EC66521A6E315847E838A550200C37862D12B0C7371D5F91C6C4"
"img\favicon.ico","022866D7A0D25C9BA37E555746C1E56FE047E50530877D93DD3A39D42536A36E"
"img\gallery-img-01.jpg","7943EA7087A99A6710271953B3948D8808FFF6D2E2B390A1B38963A82E9B8E49"
"img\gallery-img-02.jpg","85F1B89092E475F1BA96E553016C2128DF9D849E33D44821D267D35904569B7C"
"img\gallery-img-03.jpg","443F964F742A64A21447D850EFA7B943BEB989A185449AB617AA587B917803CE"
"img\gallery-img-04.jpg","4B90787F212CE3B63D6AB9E88B6D6526DD1D5C1C6E82EE136899D56D6E07DF48"
"img\gallery-img-05.jpg","D98627EED6A7A84F620F9557700CA42CB43469BDED225F32A42579E21A4BDEA3"
"img\gallery-img-06.jpg","8687080097E96923B18682A09F1DFB5D7BA3148798EE7F90837EA099154C8A1B"
"img\gallery-img-07.jpg","13471EB15736F25F7DE86497D999A23F959D8416B872FA826E8076D316070413"
"img\gallery-img-08.jpg","5FEF1D7079DE1B4A3D891F2D3316550128E59FD502E90DEB5C0C0DA694C0044C"
"img\gallery-img-09.jpg","EBABA03E7E106E769AE0C08587B19131C0654CF71A76E396D29B645FE581C8C7"
"img\gallery-img-10.jpg","00FDD4E8F3FFD4255AF39FF4DADE88D2107391739DECE7D7D8537C750D39EA5D"
"img\IMG_0805.PNG","0A9A417FCA6F79A5ABABD61C9FCBC99D72DA037AE67F55CBFD179D8AC983D7B5"
"img\logo_n.png","28F095C672F44FB66821FFBC9C4764C7AC9E3D5CD161B4088A58F3827FCDD0CC"
"img\ocean_w.png","007B929A56C0129683CB8F7F233D228522D6F0D49C9550ED38614D328F0441E3"
"img\settings.png","A967E3C53C774A6A9E1C488680F5A778AE704B6ACAF69A085F01D8BA7877152C"
"img\stsr.png","E91BFD4074902787727962CB14C91CD5B98CAA11D7E2DD5A9F8B53BE28088075"
"img\Thumbs.db","27B62F46AB176CE7E22DF958243C752E735116C161823550FD9CCBA8D38BCDBA"
"img\vpn windows.png","6F0142877CB19D54FEAB57E093A832547A7811664707A3F5FCF6A1F61AE754F2"
"img\Windows10.AVIF","6FF75CD8692C2B19BD995FF826EC66218811D022DDC811FF03952191F43B8C97"
"img\windows7.jpg","0AFFE5AA978740822DDAA0A908E95C3ECA31CA390375AB8FC8D87BBC65CB8514"
"img\共享图像 2.png","503EA46D72C2809896AE1E8FA048A10FF9B214DE52D4073DD78F538E46DD066E"
"img\共享图像.png","1351B8A4444E0930DB163CD759E9B23D448D8FC58D3459E710E5390BC7961248"
"img\屏幕截图 2024-11-04 204711.png","C9D8AA5C704629362A8868A859A26673A8F23D66C4CD50D2C2D9FFCACB3F6B23"
"img\屏幕截图 2024-12-23 140047.png","981B9580E4ABFAC35172C24129A3BCAA38C251F9D3826AB59C97767AF6E4EA57"
"img\play_game\1.png","BBB6FA9F22774E58FD143146527426259EC447CAA2421B426271DBCD57CDE91F"
"lib\parsedown-1.7.4\composer.json","BEA44C360CC78BDBE76138CBACE012744FE69CEEFDD83C7D96F671BE45EBB31C"
"lib\parsedown-1.7.4\LICENSE.txt","04C466046D4C11D23F95BA6084F9171E369D14AAB87D93CDD02AF31B699973D7"
"lib\parsedown-1.7.4\README.md","FF711B7E9DEB223E89FA6ADB2ABBBF1429724BF521FE78012D38589A1E9C24AB"
"pages\about_us.html","D3267154DB6FE99AF747F084C22432D44CBFB078CFE76BB86C1368C723ABF63F"
"pages\clock.html","24119D8F1DBC4DA4B101167375128F559FCE065BE5760DD3EE8BBD68AE4CFE1E"
"pages\comment.html","3540D4EF5816B935B73D176C0F070E827DC6100A845B9D2516E8B710112AEF04"
"pages\index.html","C9C590F4F991E905898917A26352768741303ED8D01C75A476F695E6F04D97B7"
"pages\login.html","8C306B37F0C1461FC7D280E2E4070939AB8B36B3EBDE028554E17161E3B484C5"
"pages\readme.html","F0210313B29A76C1D43B29B14F5D9A7797779751E4AC24842FC4F39352A18061"
"pages\user-center.html","A268C39E9A7C49A0A83353C682C9C2BD19315D4AA676CF8C249A96E6ACA38D13"
"password\copy-script.js","2BCECB27203AD68E0903470F55CA294FFA216451637B2E34E63C07BB77221B91"
"password\dark-theme.css","169A5143132B85E15F0D2325DDD695F7B783C4CEBD92C894469C0F79D9CE6338"
"password\light-theme.css","B963F40B12F6F2C2018EEE7A3A62FAC65BB8BBB5903BCD758A866070F8A3908B"
"password\newest.html","3ACBE950056845E6E87BA48C77D79E7D30FE240CD74D08E8AE6FF6DA1632EA76"
"password\vpn-status-worker.js","7E9FBD2BF25E50E58BA884BFF3FDD5943A02B2630B61650622C33688A068A94D"
"php\add-comment.php","29704BA3E8989065E3936F4685E21152C075EB53215F9F26F03326FA9A0E5161"
"php\create-alist-account.php","11A6FE49ED53484F1A909E34B3C95C2EE174828BD504D683E052898876B00E6F"
"php\get-comments.php","278293DD1A5CEF9472B1B3BA40292AF618DB9D8A9612E085102DCABA190DCD23"
"php\get-user-comments.php","C33150EE26767376FEDE7FEF76D63D2006963657ADA837DC5E62201A80A81545"
"php\login.php","F1E00283B9AA08C0E87C201F78D26B5A45542F40711F6E31AD4B95F6C30AA21C"
"php\register.php","3E4A5EF1508BF5095A8A9AE371C7A4B994B116338F3A827BA11F3A0D6FA04D3D"
"php\sessionlst.php","5F0CA05A9666798BE8CF663436225EBBA928F3C58A883D44322F5AB47EF4FB5B"
"php\u.php","CC30A931955E17085CBB482D0A208B946392064EBDFBF05420C61FC5AE99FA24"
"public\clock2.html","52981F877C0EE6A1CA9A179F12EEBD3E74BD992186E429E049A34449A03E63D0"
"public\student_catalog.html","FF0C0C3C29552ABE7BDAD04D358CC1798135DD1BBAD349EADC643EBBDB8CB5E3"
"public\css\all.min.css","961DB4B355491B4BCD300FB6AF555F05B7FAFD1110B79ADEAC830CA5BEE19D72"
"public\css\bootstrap.min.css","63E21E31E92E40F12B401C10FE0514F4AF61BCA6A90610B615A9C0067201D048"
"public\css\component.css","6DF960797742BA83437E4FEE6CC8A9D7DEDA29F24AD2894C70BAB6759E34CCA2"
"public\css\demo.css","1267685138497F5F3B17D1367AC9AEFAC7583D49DAD855AFB50EE6D6160E6FF2"
"public\css\font.css","0AFD1321519E1C051D062180A41CDD42B9C16E4269BB36EEB4908E7C2245C7E2"
"public\css\magnific-popup.css","9AAE795368BAF56E6F23A792200FCA81375A3203BBC3BF069839DBCB598D46F2"
"public\css\main.css","4ADB240711737B27913616C61ACB61B58B53480B9E8315AF797427022FE8A921"
"public\css\normalize.css","2F8D2146BBCB6552C686EA04D4BC2BD5791C8D4C796C73D91241B01792620EDA"
"public\css\templatemo-style.css","3CCE1E851A828AD90BE714CEE0AE2227486FCF206B843A0CE62625F1EEDA8556"
"public\fonts\one.ttf","F2B214A6D40028FC64B095D66337990DFFD8C2E288EEDEC5D59849DD8C21CE60"
"public\fonts\codropsicons\codropsicons.eot","8985D10EA03B54907539A7A28C16FE6243F2C560FDB524BD5A2A24046230FCA2"
"public\fonts\codropsicons\codropsicons.svg","96F3C2FF66924758E8838B91E4B3E9AF64C43097BBE8F72C7D5FE98B74744104"
"public\fonts\codropsicons\codropsicons.ttf","8F3CFA64DB0735C21AC031F0C5A2B53085BFFC5D38847F7F8FE792D9941E5F4C"
"public\fonts\codropsicons\codropsicons.woff","DC159AC640A73B80832268FB4B9AAC669166DB4EFD801F49AE7470316E841A3C"
"public\fonts\codropsicons\license.txt","C86895D839CEB49C38C22881F59BB3C1799C95BC32F9599353F2CFCA47A803C8"
"public\img\Screenshot_2024-12-23-13-11-00-107_com.android.settings.jpg","30383B26B0F817C59002BC93C3989823AA47E245B95C1F03670272B4836D278A"
"public\img\Screenshot_2024-12-23-13-11-53-694_com.android.settings.jpg","D4C38F742C0EAABD2704F108F3E7FDFA3620B57221F6FE249037A4B606A685F1"
"public\img\stsr.png","E91BFD4074902787727962CB14C91CD5B98CAA11D7E2DD5A9F8B53BE28088075"
"public\img\logo\chenai.jpeg","BEDA5D81E6D0FBAB9E3E07BCCF0596581BBEAF312279A0A6D61C12986EBAAA35"
"public\img\logo\john.png","6C38582EF018049366256F7B4A3CD80A85AE517A8848CD753DDD2ED2EFD4AD99"
"public\img\logo\leo.jpg","BCECD5F305902FC8DE0357F567BA0164B9DAE7783C18288C81ABED425670F224"
"public\img\logo\yuebi.jpg","6AE75ECFD2BB40674EF5DA87F47BB29F21BB9078611BB35F78D79E2A2FF335D2"
"public\img\monthly_report\1.png","A81C27FB9F0DD553AFCF0D6662C95CBB4B280018B620A93AA3A834D1C278FCD0"
"public\img\monthly_report\report.png","2F2446A5CA8B58A0A11F3A90DB05BB98573B4A3585CFE5A59D7186352C4F1998"
"public\img\monthly_report\屏幕截图 2025-03-30 211916.png","0AB74BAA182B1487027FF54BD0896B5858E28E200E6B74BC6A4EA87093D5C95F"
"public\js\demo-1.js","53C6460813DA4B41609FCB52421BE8A63D4624BBDB6AC108A221B313D82695F5"
"public\js\EasePack.min.js","9211A86381BDDE8B0A8AB46C99606762E73ABBDEDF10BD6A5BD18B05B8E1ACD2"
"public\js\html5.js","3217CC8B501B86B92DA66D9E9D2B3F598ADBF7C3E16087C0C69E2102A82AE8FE"
"public\js\imagesloaded.pkgd.min.js","4DECAC6BABB1418160AA792E8DA9689C6DC2F67F0799D1F70CEBE3B2768F9AEA"
"public\js\index.js","107E63B5E36A8584380B58D64729AF5757525072626D9DCF72A2F758D382E9B1"
"public\js\marked.min.js","742EE84B0D5A1F6376AEDA1BB495C3BF35DDFC7E332F20D3698E9E676B99F714"
"public\js\Node.js","B08510AF4BA65FE2BD7D39BB937215781739A4AB8E3E51900DDB02334C52CAD1"
"public\js\pwd_file_list.js","5670A04A3672D7366B3767C433B9F4E7BD9412A6BF5B661372CF5B9FB73E9291"
"public\js\quotes.js","DE5C915E8EFB9168CC7E5A76E735EA932E84CAE5CDF3AA81740B26F99062F186"
"public\js\quotess.js","72D332A7D45736E95535FE4F5044E18B2C46A50BBD8F536DEEF05B851509748A"
"public\js\rAF.js","32806171AF7B5372B81EB2E0D157F4F27DC854F03FCBFA31F2A1A8DAB65FE561"
"public\js\Rx.min.js","D2EFF7CCA800E2333AF1C292580BFB6CF4F09373E2D424A43AB016BEDBF4AB4A"
"public\js\rxcss.min.js","4AF29B638B32294D489EE6CC03176705E2A997725DB6506C5D69F821B2FD8BD6"
"public\js\scripts.js","057F0DFB3121BECA25BD559001D3FE07DE4E9B5A9D29634EFBAC51EE4EB9B8CE"
"public\js\TweenLite.min.js","C6EB46A9F4E94D5EAB954B2FEA0C36C28D74DDA4729B3F01F532F7966B8AB846"
"scripts\bootstrap.min.js","3BCD802E9F77849E7C1E93C87279FBBB04D45949D2BE79B03566CEACDE29B158"
"scripts\file_list.js","A359C32982A09D24DB329D3AF6AA69B52F70177BF2A8D2E67E61F177445D786D"
"scripts\jquery-3.5.1.slim.min.js","F048D0806CF057E5F2D7E965A3474670625D26475FCFB9B5B35833114D974D39"
"scripts\popper.min.js","E1124718ED84BD6567BDE699018064C63857EB300C5EF67D4AC51AF3BEE01815"
"server\lastOnlineTimes.json","B6B1974D2B286C78AA66E9F930B54D81F48274EF609FFEAF16CFE38584D02A1A"
"server\package-lock.json","91A4B234CBA4E4984ADD0734922E85C42BCCCF915A66CFBB67590A68983D6EA2"
"server\package.json","4ABC428A7225ED3FAEC93D00933E2A85EA45061521AEA02D25F6C5AF593FEA42"
"server\server.js","0AC24FA8D673A4D550209D360D0E765C7209101147DF1EA19A6E4AD6BCC8BB97"
"server\startnode.bat","2ED02221BA76BCB04CBDCCACF483B65C1F6C6E30FF998864D51FD283F6D94A57"
"sql\create-users-table.sql","759324209D721FDBA83FC9D785830943959F3DB063BAE0E5A5F709FAD147EB55"
"sql\init-database.sql","CC804369AE6C17BF301EA9C01A65E64DD502F3BEFBDE4914415051D9E735754F"
"status\combined_stats.md","F2111E5540C9BB4CB9683001BC847978B1AF7AEFAEEFE62B48D2ADFAD0DAE9CA"
"status\data_usage_results.txt","907120B92C7785E090312D206D163EC79556538D683342C8DF989884BA97C68B"
"status\getstatus.bat","49CCE64A7516DB320B0362224717D0D7228AAD029328AAF3F0DB0C05318CA0F1"
"status\graph.exe","550EF0E46EC93990ABDF526428B73248793A362FD95A098E411F2FE4BA4F86FE"
"status\loganalize.exe","6CC8173128A78AD2F77F396C95215684B6D5D6EC053A1F9037A99D06537F4375"
"status\sessionlst.txt","D41849EA68FE9C1ECD7CB0F347E6D23D541FB927F7D36AB520DFD911E5A65F90"
"status\test.bat","F41833792DF75D9375B9874F6C2AF433F3EFF00C1B7D3BE40B582CBC6B3CEE58"
"status\traffic.py","7C15F754C6C9859622B64BC16CDA765D087E3D88DAD714A3C13F1509A4E931B9"
"status\server_log\vpn_20250301.log","087915D90C79D8ECEE70C186E8E48018607257A74EB6FA2B13746B19C9EDC850"
"status\server_log\vpn_20250302.log","C1358EEFE17CC2B9EEE7B342B5EF7F3650D296142F2122E8FD0997721E3D60C0"
"status\server_log\vpn_20250303.log","7270F8443D5C0AB50641D2AF13D4EF4E870A99FF707A75D0A4FE6B84FDBB8971"
"status\server_log\vpn_20250304.log","CCE92D34FEF5ADC5CE8BC5E148593379909362F813F2C179CD0455F29EBE2583"
"status\server_log\vpn_20250305.log","F534C9D2EDF4909F2CDABEF74B797321FA9FD5C48D072D13CB013A43909DC135"
"status\server_log\vpn_20250306.log","C37EC58D05C5FBF6B465815B39901AB6AA4DDBA5488ED121609C40B823DC46B9"
"status\server_log\vpn_20250307.log","E178B72599B367C589C5205A4F8D7929BF41997511C937980BA07192CD981754"
"status\server_log\vpn_20250308.log","26B8886F4ECDFADD25B527E1D7CB9981FDCA63B83E0408FBF8D180FF7F67444E"
"status\server_log\vpn_20250309.log","BB534EA06ACA8EF65490EDA1E5406084F637E3E1840609979573ABA7E527FC72"
"status\server_log\vpn_20250310.log","17A59DB46B0872021238A61B7FEDF59A173E4F5B42D614A0EB9115722380BF01"
"status\server_log\vpn_20250311.log","D9982CC539D4593659609FE334590B62C0B3497F3E40B60D15FC799353A62FBA"
"status\server_log\vpn_20250312.log","DDDF73A1B25E180A28F99909E4466059E92596D5EA6FC4358A9FDF924B432A85"
"status\server_log\vpn_20250313.log","372426AE0FEEF824B8C162987753EE929594138C2484C2F9B79D8AC1FF898866"
"status\server_log\vpn_20250314.log","9749B5D69014A26C6910F6D21821348A8817605736881ADB8A5C82E3F9EF425E"
"status\server_log\vpn_20250315.log","D0CB86E52A921A7D5D4C60245E661E6113AC55D5A1A7B9B597E2DA76F58E83AE"
"status\server_log\vpn_20250316.log","B8E6F2652519031CF85E6C98B6E472881A053B68F9D48C5FF402CF99F67E98B1"
"status\server_log\vpn_20250317.log","1A2D0703E49D30873B0078D75CF9F867BA1746AB3385071117E73DB2B73E6411"
"status\server_log\vpn_20250318.log","88F4B6F905443E7CFCA525E6AB96E5B703BF99A4F3C77575BEF76ABCB8DB0931"
"status\server_log\vpn_20250319.log","6FA93E8B9AF5C25A546CCB511A47211AB0D5053FC65091793FD3754396196BBA"
"status\server_log\vpn_20250320.log","EDE95605BD3B152AD2D052D77BCA8D930617851DD8B458B7C46FFF0ECCC1D5B6"
"tutorial\2.png","101F64BE97FA0276D2333ED35CC46043D90A29E35BAE1A2BAA1B4D4672F52448"
"tutorial\document.md","AD751505AA42E091918679C5AA45D317A79339492AD996E7F78CD77764D1DA57"
"tutorial\minecraft_server.md","A5EEF9A70FCFC0EACE0BE39276918B16AAD8CD8922A2D7C49DA2E6C578C9342E"
"tutorial\Parsedown.php","BDDA81C262EDAE5D50C2AC2F6D0EC371D281D5E4BCF03034664BDCA1B1C3D6E2"
"tutorial\password.md","A202D25F3DA8691E5787B18A26824C2F33EB008B078E48BF3E4CC687D53988CB"
"tutorial\play_game.html","91BABB48DCF797A93EF81742B2E9E66565B8911875BC97AE067AEC3F6F42C6EB"
"tutorial\powershadow.md","4576B1862A60F4F2F9403ED6016CF087BCFE3B866CE0C2AF2DEE883C241ACD18"
"tutorial\show.html","E68A866618A38DE066CCB2D6BD78A64421A943404ACE5D66F32429247BC97806"
"tutorial\show.php","992B146B1FBD0194F39E679474A4295659589B9631D3A7E76CC191608D24AD20"
"tutorial\web.md","B6EE84FCBEDAD56BA63C4EDFEDD38705FDDED425BCE0CF7F9A5865D089EF3A12"
"tutorial\web2.md","848AFD58571FA755748D8804A05BD965B0C3CEC322B37D805C735B5D46BBD66F"
"tutorial\wed3.md","46E3EB7D069E9E101A36F8EA3557E64C9029ECCE08B9AD8F51A0BE21F33E8FFB"
